,"Table 2: Fuel Poverty by Administrative Area, 2019",...2,...3,...4,...5,...6,...7
1,NA,NA,NA,NA,NA,NA,NA
2,Area Codes,Area name,NA,NA,Number of households1,Number of households in fuel poverty1,Proportion of households fuel poor (%)
3,E92000001,ENGLAND,NA,NA,23661751,3175979,13.42241747
4,E12000001,NORTH EAST,NA,NA,1191912,176869,14.83909886
5,E06000047,NA,County Durham,NA,235959,36620,15.51964536
6,E06000005,NA,Darlington,NA,49204,6881,13.9846354
7,E06000001,NA,Hartlepool,NA,42645,6292,14.75436745
8,E06000002,NA,Middlesbrough,NA,60318,9966,16.52243112
9,E06000057,NA,Northumberland,NA,146167,20640,14.12083439
10,E06000003,NA,Redcar and Cleveland,NA,62870,9066,14.42023223
11,E06000004,NA,Stockton-on-Tees,NA,83510,10829,12.9673093
12,E11000007,NA,Tyne and Wear (Met County),NA,511239,76575,14.97831738
13,E08000037,NA,NA,Gateshead,94124,14183,15.06842038
14,E08000021,NA,NA,Newcastle upon Tyne,123566,20222,16.36534322
15,E08000022,NA,NA,North Tyneside,96192,12423,12.91479541
16,E08000023,NA,NA,South Tyneside,70930,10457,14.74270407
17,E08000024,NA,NA,Sunderland,126427,19290,15.25781676
18,E12000002,NORTH WEST,NA,NA,3177487,461364,14.51977616
19,E06000008,NA,Blackburn with Darwen,NA,60504,9922,16.39891577
20,E06000009,NA,Blackpool,NA,68041,11066,16.26372334
21,E06000049,NA,Cheshire East,NA,168372,18336,10.89017176
22,E06000050,NA,Cheshire West and Chester,NA,149439,17869,11.9573873
23,E06000006,NA,Halton,NA,56233,7889,14.0291288
24,E06000007,NA,Warrington,NA,89883,10401,11.57170989
25,E10000006,NA,Cumbria,NA,234378,33844,14.43992184
26,E07000026,NA,NA,Allerdale,44660,7209,16.14196149
27,E07000027,NA,NA,Barrow-in-Furness,32967,4704,14.26881427
28,E07000028,NA,NA,Carlisle,50955,7502,14.72279462
29,E07000029,NA,NA,Copeland,32275,5072,15.71494965
30,E07000030,NA,NA,Eden,24309,3474,14.29100333
31,E07000031,NA,NA,South Lakeland,49212,5883,11.95440137
32,E11000001,NA,Greater Manchester (Met County),NA,1190542,181588,15.25254884
33,E08000001,NA,NA,Bolton,122724,18110,14.75668981
34,E08000002,NA,NA,Bury,82464,11013,13.35491851
35,E08000003,NA,NA,Manchester,215977,42845,19.8377605
36,E08000004,NA,NA,Oldham,94858,14439,15.2216998
37,E08000005,NA,NA,Rochdale,92405,14537,15.73183269
38,E08000006,NA,NA,Salford,109335,17068,15.61073764
39,E08000007,NA,NA,Stockport,128929,15665,12.15009812
40,E08000008,NA,NA,Tameside,100257,14697,14.65932553
41,E08000009,NA,NA,Trafford,99754,12762,12.79347194
42,E08000010,NA,NA,Wigan,143839,20452,14.21867505
43,E10000017,NA,Lancashire,NA,524303,71822,13.69856743
44,E07000117,NA,NA,Burnley,39670,6507,16.40282329
45,E07000118,NA,NA,Chorley,47473,5635,11.869905
46,E07000119,NA,NA,Fylde,36781,4117,11.19327914
47,E07000120,NA,NA,Hyndburn,36271,5642,15.55512669
48,E07000121,NA,NA,Lancaster,61141,8869,14.50581443
49,E07000122,NA,NA,Pendle,39460,6818,17.27825646
50,E07000123,NA,NA,Preston,60749,9181,15.11300598
51,E07000124,NA,NA,Ribble Valley,25463,2978,11.69540117
52,E07000125,NA,NA,Rossendale,30654,4549,14.83982515
53,E07000126,NA,NA,South Ribble,48730,5240,10.75312949
54,E07000127,NA,NA,West Lancashire,47944,6290,13.11947272
55,E07000128,NA,NA,Wyre,49967,5996,11.99991995
56,E11000002,NA,Merseyside (Met County),NA,635792,98627,15.5124632
57,E08000011,NA,NA,Knowsley,64896,10049,15.48477564
58,E08000012,NA,NA,Liverpool,217880,39527,18.1416376
59,E08000014,NA,NA,Sefton,124658,17160,13.76566285
60,E08000013,NA,NA,St. Helens,80065,11333,14.15474927
61,E08000015,NA,NA,Wirral,148293,20558,13.86309536
62,E12000003,YORKSHIRE AND THE HUMBER,NA,NA,2368747,396771,16.75024813
63,E06000011,NA,East Riding of Yorkshire,NA,152382,21259,13.95112284
64,E06000010,NA,"Kingston upon Hull, City of",NA,119733,23434,19.57188077
65,E06000012,NA,North East Lincolnshire,NA,74239,12396,16.69742319
66,E06000013,NA,North Lincolnshire,NA,75168,12097,16.09328438
67,E06000014,NA,York,NA,88898,11992,13.48961731
68,E10000023,NA,North Yorkshire,NA,273776,40103,14.64810648
69,E07000163,NA,NA,Craven,26195,4025,15.36552777
70,E07000164,NA,NA,Hambleton,40720,5770,14.16994106
71,E07000165,NA,NA,Harrogate,71628,9217,12.8678729
72,E07000166,NA,NA,Richmondshire,21636,3516,16.25069329
73,E07000167,NA,NA,Ryedale,24145,3894,16.12756264
74,E07000168,NA,NA,Scarborough,52640,8824,16.76291793
75,E07000169,NA,NA,Selby,36812,4857,13.19406715
76,E11000003,NA,South Yorkshire (Met County),NA,602413,106393,17.66113945
77,E08000016,NA,NA,Barnsley,107135,19971,18.640967
78,E08000017,NA,NA,Doncaster,134672,23941,17.77726625
79,E08000018,NA,NA,Rotherham,115456,19680,17.04545455
80,E08000019,NA,NA,Sheffield,245150,42801,17.45910667
81,E11000006,NA,West Yorkshire (Met County),NA,982138,169097,17.21723424
82,E08000032,NA,NA,Bradford,212068,38925,18.35496162
83,E08000033,NA,NA,Calderdale,94196,15729,16.69816128
84,E08000034,NA,NA,Kirklees,184520,31027,16.81497941
85,E08000035,NA,NA,Leeds,341890,57492,16.81593495
86,E08000036,NA,NA,Wakefield,149464,25924,17.34464486
87,E12000004,EAST MIDLANDS,NA,NA,2034809,282909,13.90346711
88,E06000015,NA,Derby,NA,109670,17089,15.58220115
89,E06000016,NA,Leicester,NA,132344,25118,18.9793266
90,E06000018,NA,Nottingham,NA,135580,25068,18.48945272
91,E06000017,NA,Rutland,NA,16102,1890,11.73767234
92,E10000007,NA,Derbyshire,NA,356926,49145,13.76896051
93,E07000032,NA,NA,Amber Valley,56377,7872,13.963141
94,E07000033,NA,NA,Bolsover,35135,5707,16.24306247
95,E07000034,NA,NA,Chesterfield,50185,7485,14.91481518
96,E07000035,NA,NA,Derbyshire Dales,33096,4468,13.50012086
97,E07000036,NA,NA,Erewash,52240,6951,13.30589587
98,E07000037,NA,NA,High Peak,41854,5499,13.13852917
99,E07000038,NA,NA,North East Derbyshire,46261,6247,13.50381531
100,E07000039,NA,NA,South Derbyshire,41778,4916,11.76695869
101,E10000018,NA,Leicestershire,NA,287143,32255,11.23307899
102,E07000129,NA,NA,Blaby,41491,4008,9.659926249
103,E07000130,NA,NA,Charnwood,71430,8448,11.82696346
104,E07000131,NA,NA,Harborough,37494,3625,9.668213581
105,E07000132,NA,NA,Hinckley and Bosworth,48696,5566,11.43009693
106,E07000133,NA,NA,Melton,23061,2873,12.45826287
107,E07000134,NA,NA,North West Leicestershire,41941,5386,12.84184926
108,E07000135,NA,NA,Oadby and Wigston,23030,2349,10.19973947
109,E10000019,NA,Lincolnshire,NA,329184,46301,14.06538592
110,E07000136,NA,NA,Boston,29178,4777,16.37192405
111,E07000137,NA,NA,East Lindsey,65476,10002,15.27582626
112,E07000138,NA,NA,Lincoln,42754,6568,15.36230528
113,E07000139,NA,NA,North Kesteven,49191,5860,11.91274827
114,E07000140,NA,NA,South Holland,39908,5711,14.31041395
115,E07000141,NA,NA,South Kesteven,61485,7450,12.11677645
116,E07000142,NA,NA,West Lindsey,41192,5933,14.40328219
117,E10000021,NA,Northamptonshire,NA,308827,38238,12.38168942
118,E07000150,NA,NA,Corby,27132,3755,13.83974642
119,E07000151,NA,NA,Daventry,34005,3820,11.23364211
120,E07000152,NA,NA,East Northamptonshire,38220,4785,12.51962323
121,E07000153,NA,NA,Kettering,42474,5445,12.81960729
122,E07000154,NA,NA,Northampton,95196,11970,12.57405773
123,E07000155,NA,NA,South Northamptonshire,37387,3921,10.48760264
124,E07000156,NA,NA,Wellingborough,34413,4542,13.19850057
125,E10000024,NA,Nottinghamshire,NA,359033,47805,13.31493205
126,E07000170,NA,NA,Ashfield,54566,8302,15.2146025
127,E07000171,NA,NA,Bassetlaw,51224,7649,14.93245354
128,E07000172,NA,NA,Broxtowe,50344,6220,12.35499762
129,E07000173,NA,NA,Gedling,53002,6088,11.48635901
130,E07000174,NA,NA,Mansfield,48239,7421,15.38381807
131,E07000175,NA,NA,Newark and Sherwood,52387,7269,13.87557982
132,E07000176,NA,NA,Rushcliffe,49271,4856,9.855696048
133,E12000005,WEST MIDLANDS,NA,NA,2454896,429730,17.50501854
134,E06000019,NA,"Herefordshire, County of",NA,84028,13902,16.54448517
135,E06000051,NA,Shropshire,NA,138460,22819,16.48057201
136,E06000021,NA,Stoke-on-Trent,NA,115172,25134,21.82301254
137,E06000020,NA,Telford and Wrekin,NA,71336,11101,15.56156779
138,E10000028,NA,Staffordshire,NA,379914,57618,15.1660639
139,E07000192,NA,NA,Cannock Chase,43418,6975,16.06476577
140,E07000193,NA,NA,East Staffordshire,50487,8464,16.76471171
141,E07000194,NA,NA,Lichfield,44127,5526,12.52294514
142,E07000195,NA,NA,Newcastle-under-Lyme,56279,10154,18.04225377
143,E07000196,NA,NA,South Staffordshire,47611,5919,12.43200101
144,E07000197,NA,NA,Stafford,59511,8493,14.27131119
145,E07000198,NA,NA,Staffordshire Moorlands,44648,7216,16.16197814
146,E07000199,NA,NA,Tamworth,33833,4871,14.39718618
147,E10000031,NA,Warwickshire,NA,247212,35825,14.49161044
148,E07000218,NA,NA,North Warwickshire,27687,4492,16.22422075
149,E07000219,NA,NA,Nuneaton and Bedworth,56332,9042,16.05126749
150,E07000220,NA,NA,Rugby,44782,6559,14.64650976
151,E07000221,NA,NA,Stratford-on-Avon,55635,7559,13.58677092
152,E07000222,NA,NA,Warwick,62776,8173,13.01930674
153,E11000005,NA,West Midlands (Met County),NA,1162388,226416,19.4785218
154,E08000025,NA,NA,Birmingham,439526,92990,21.15688264
155,E08000026,NA,NA,Coventry,137650,25844,18.77515438
156,E08000027,NA,NA,Dudley,138862,23512,16.93191802
157,E08000028,NA,NA,Sandwell,129918,27216,20.94859835
158,E08000029,NA,NA,Solihull,92008,11483,12.48043648
159,E08000030,NA,NA,Walsall,115225,22299,19.35257106
160,E08000031,NA,NA,Wolverhampton,109199,23072,21.12839861
161,E10000034,NA,Worcestershire,NA,256386,36915,14.39821207
162,E07000234,NA,NA,Bromsgrove,40943,4780,11.67476736
163,E07000235,NA,NA,Malvern Hills,34464,5208,15.11142061
164,E07000236,NA,NA,Redditch,37065,5406,14.58518818
165,E07000237,NA,NA,Worcester,44956,6939,15.43509209
166,E07000238,NA,NA,Wychavon,53017,7459,14.06907218
167,E07000239,NA,NA,Wyre Forest,45941,7123,15.50466903
168,E12000006,EAST,NA,NA,2616126,344779,13.17899061
169,E06000055,NA,Bedford,NA,68890,9588,13.91784003
170,E06000056,NA,Central Bedfordshire,NA,112472,13023,11.57888186
171,E06000032,NA,Luton,NA,80287,12886,16.04992091
172,E06000031,NA,Peterborough,NA,80172,12192,15.2073043
173,E06000033,NA,Southend-on-Sea,NA,80525,11904,14.78298665
174,E06000034,NA,Thurrock,NA,67416,9006,13.35884656
175,E10000003,NA,Cambridgeshire,NA,270931,34683,12.80141438
176,E07000008,NA,NA,Cambridge,50486,7535,14.92492968
177,E07000009,NA,NA,East Cambridgeshire,37304,5097,13.66341411
178,E07000010,NA,NA,Fenland,43565,6887,15.80856192
179,E07000011,NA,NA,Huntingdonshire,74808,8487,11.34504331
180,E07000012,NA,NA,South Cambridgeshire,64768,6677,10.30910326
181,E10000012,NA,Essex,NA,628275,76236,12.13417691
182,E07000066,NA,NA,Basildon,78458,9275,11.82161156
183,E07000067,NA,NA,Braintree,65848,8609,13.07404933
184,E07000068,NA,NA,Brentwood,33069,3358,10.15452539
185,E07000069,NA,NA,Castle Point,39359,4502,11.43829874
186,E07000070,NA,NA,Chelmsford,75179,7962,10.59072347
187,E07000071,NA,NA,Colchester,77572,9927,12.7971433
188,E07000072,NA,NA,Epping Forest,56254,6332,11.25608846
189,E07000073,NA,NA,Harlow,37401,4986,13.33119435
190,E07000074,NA,NA,Maldon,27869,3381,12.1317593
191,E07000075,NA,NA,Rochford,36255,3624,9.99586264
192,E07000076,NA,NA,Tendring,67144,10254,15.27165495
193,E07000077,NA,NA,Uttlesford,33867,4026,11.88767827
194,E10000015,NA,Hertfordshire,NA,489567,54547,11.14188661
195,E07000095,NA,NA,Broxbourne,40599,4286,10.55691027
196,E07000096,NA,NA,Dacorum,64610,7095,10.98127225
197,E07000242,NA,NA,East Hertfordshire,61040,6351,10.40465269
198,E07000098,NA,NA,Hertsmere,42914,4537,10.57230741
199,E07000099,NA,NA,North Hertfordshire,57680,6983,12.10644938
200,E07000240,NA,NA,St Albans,60507,5623,9.293139637
201,E07000243,NA,NA,Stevenage,37653,4534,12.04153719
202,E07000102,NA,NA,Three Rivers,37918,4053,10.6888549
203,E07000103,NA,NA,Watford,39453,5417,13.73026132
204,E07000241,NA,NA,Welwyn Hatfield,47193,5668,12.01025576
205,E10000020,NA,Norfolk,NA,401842,62030,15.43641531
206,E07000143,NA,NA,Breckland,58965,8888,15.0733486
207,E07000144,NA,NA,Broadland,57611,6561,11.38845012
208,E07000145,NA,NA,Great Yarmouth,45472,7451,16.38590781
209,E07000146,NA,NA,King’s Lynn and West Norfolk,67915,11517,16.95796216
210,E07000147,NA,NA,North Norfolk,49840,7866,15.78250401
211,E07000148,NA,NA,Norwich,64957,12176,18.74470804
212,E07000149,NA,NA,South Norfolk,57082,7571,13.26337549
213,E10000029,NA,Suffolk,NA,335749,48684,14.50011765
214,E07000200,NA,NA,Babergh,40666,5458,13.4215315
215,E07000244,NA,NA,East Suffolk,113142,16181,14.30149723
216,E07000202,NA,NA,Ipswich,61715,10701,17.33938265
217,E07000203,NA,NA,Mid Suffolk,43395,5850,13.48081576
218,E07000245,NA,NA,West Suffolk,76831,10494,13.65854928
219,E12000007,LONDON,NA,NA,3483960,530740,15.2338144
220,E13000001,NA,Inner London,NA,1453399,225481,15.51404673
221,E09000007,NA,NA,Camden,104052,14279,13.72294622
222,E09000001,NA,NA,City of London,4655,296,6.358754028
223,E09000012,NA,NA,Hackney,108209,17821,16.46905525
224,E09000013,NA,NA,Hammersmith and Fulham,86023,12183,14.16249143
225,E09000014,NA,NA,Haringey,108473,19798,18.25154647
226,E09000019,NA,NA,Islington,99623,14703,14.75864007
227,E09000020,NA,NA,Kensington and Chelsea,84022,10809,12.86448787
228,E09000022,NA,NA,Lambeth,138398,21844,15.78346508
229,E09000023,NA,NA,Lewisham,123821,22576,18.2327715
230,E09000025,NA,NA,Newham,108572,23569,21.70817522
231,E09000028,NA,NA,Southwark,128171,18765,14.64059733
232,E09000030,NA,NA,Tower Hamlets,107761,15290,14.18880671
233,E09000032,NA,NA,Wandsworth,139052,18288,13.15191439
234,E09000033,NA,NA,Westminster,112567,15260,13.55637087
235,E13000002,NA,Outer London,NA,2030561,305259,15.03323466
236,E09000002,NA,NA,Barking and Dagenham,74494,16738,22.46892367
237,E09000003,NA,NA,Barnet,144912,19175,13.23216849
238,E09000004,NA,NA,Bexley,98927,12705,12.84280328
239,E09000005,NA,NA,Brent,117505,20322,17.29458321
240,E09000006,NA,NA,Bromley,139712,16610,11.88874256
241,E09000008,NA,NA,Croydon,154868,25443,16.42882971
242,E09000009,NA,NA,Ealing,132407,19643,14.83531837
243,E09000010,NA,NA,Enfield,127782,20946,16.39198009
244,E09000011,NA,NA,Greenwich,108057,18004,16.66157676
245,E09000015,NA,NA,Harrow,89874,13014,14.48027238
246,E09000016,NA,NA,Havering,103763,13655,13.15979684
247,E09000017,NA,NA,Hillingdon,107046,14805,13.83050277
248,E09000018,NA,NA,Hounslow,101106,15527,15.35714992
249,E09000021,NA,NA,Kingston upon Thames,67990,8424,12.39005736
250,E09000024,NA,NA,Merton,84337,12397,14.6993609
251,E09000026,NA,NA,Redbridge,105841,16336,15.43447246
252,E09000027,NA,NA,Richmond upon Thames,85182,9034,10.60552699
253,E09000029,NA,NA,Sutton,83529,10739,12.85661267
254,E09000031,NA,NA,Waltham Forest,103229,21742,21.0619109
255,E12000008,SOUTH EAST,NA,NA,3838572,288025,7.503441384
256,E06000036,NA,Bracknell Forest,NA,49677,2657,5.348551644
257,E06000043,NA,Brighton and Hove,NA,130998,13723,10.47573245
258,E06000060,NA,Buckinghamshire,NA,216950,14131,6.513482369
259,E06000046,NA,Isle of Wight,NA,65861,5839,8.865641275
260,E06000035,NA,Medway,NA,114663,10207,8.901738137
261,E06000042,NA,Milton Keynes,NA,106654,6746,6.325126109
262,E06000044,NA,Portsmouth,NA,92144,9873,10.71475082
263,E06000038,NA,Reading,NA,67961,6999,10.29855358
264,E06000039,NA,Slough,NA,54738,5105,9.326245022
265,E06000045,NA,Southampton,NA,106104,11367,10.71307397
266,E06000037,NA,West Berkshire,NA,67274,4234,6.293664714
267,E06000040,NA,Windsor and Maidenhead,NA,62957,3723,5.913560049
268,E06000041,NA,Wokingham,NA,65254,3047,4.669445551
269,E10000011,NA,East Sussex,NA,250095,20445,8.17489354
270,E07000061,NA,NA,Eastbourne,48630,4118,8.468023854
271,E07000062,NA,NA,Hastings,44311,4780,10.78738914
272,E07000063,NA,NA,Lewes,45481,3216,7.071084629
273,E07000064,NA,NA,Rother,44106,3807,8.63147871
274,E07000065,NA,NA,Wealden,67567,4524,6.695576243
275,E10000014,NA,Hampshire,NA,588827,37488,6.366555881
276,E07000084,NA,NA,Basingstoke and Deane,75020,4701,6.266328979
277,E07000085,NA,NA,East Hampshire,51044,3048,5.971318862
278,E07000086,NA,NA,Eastleigh,56308,3403,6.04354621
279,E07000087,NA,NA,Fareham,50236,2686,5.346763277
280,E07000088,NA,NA,Gosport,38215,2942,7.698547691
281,E07000089,NA,NA,Hart,38395,1831,4.768850111
282,E07000090,NA,NA,Havant,55280,4121,7.454775687
283,E07000091,NA,NA,New Forest,82935,5105,6.155422922
284,E07000092,NA,NA,Rushmoor,39418,3040,7.712212695
285,E07000093,NA,NA,Test Valley,51394,3303,6.426820251
286,E07000094,NA,NA,Winchester,50582,3308,6.539875845
287,E10000016,NA,Kent,NA,653286,55508,8.496738029
288,E07000105,NA,NA,Ashford,51634,3944,7.638377813
289,E07000106,NA,NA,Canterbury,65602,5721,8.720770708
290,E07000107,NA,NA,Dartford,43292,3232,7.465582556
291,E07000108,NA,NA,Dover,51976,5146,9.900723411
292,E07000112,NA,NA,Folkestone and Hythe,50959,4709,9.240762181
293,E07000109,NA,NA,Gravesham,43668,4104,9.398186315
294,E07000110,NA,NA,Maidstone,68469,5298,7.737808351
295,E07000111,NA,NA,Sevenoaks,50737,3383,6.667717839
296,E07000113,NA,NA,Swale,59997,5453,9.088787773
297,E07000114,NA,NA,Thanet,64157,6769,10.55068036
298,E07000115,NA,NA,Tonbridge and Malling,51981,3614,6.952540351
299,E07000116,NA,NA,Tunbridge Wells,50814,4135,8.137521156
300,E10000025,NA,Oxfordshire,NA,279947,20746,7.410688452
301,E07000177,NA,NA,Cherwell,61328,4428,7.22019306
302,E07000178,NA,NA,Oxford,59850,5893,9.846282373
303,E07000179,NA,NA,South Oxfordshire,58520,3748,6.404647984
304,E07000180,NA,NA,Vale of White Horse,53430,3468,6.490735542
305,E07000181,NA,NA,West Oxfordshire,46819,3209,6.854054978
306,E10000030,NA,Surrey,NA,492524,30002,6.091479806
307,E07000207,NA,NA,Elmbridge,57075,3017,5.286027157
308,E07000208,NA,NA,Epsom and Ewell,32125,2079,6.471595331
309,E07000209,NA,NA,Guildford,58420,4008,6.860664156
310,E07000210,NA,NA,Mole Valley,38674,2381,6.156590991
311,E07000211,NA,NA,Reigate and Banstead,59907,3675,6.134508488
312,E07000212,NA,NA,Runnymede,35393,2220,6.272426751
313,E07000213,NA,NA,Spelthorne,42694,2817,6.598116831
314,E07000214,NA,NA,Surrey Heath,36270,1841,5.075820237
315,E07000215,NA,NA,Tandridge,36060,2116,5.867997781
316,E07000216,NA,NA,Waverley,53257,3305,6.20575699
317,E07000217,NA,NA,Woking,42649,2543,5.962625149
318,E10000032,NA,West Sussex,NA,372658,26185,7.026549812
319,E07000223,NA,NA,Adur,29120,2264,7.774725275
320,E07000224,NA,NA,Arun,72015,5165,7.17211692
321,E07000225,NA,NA,Chichester,53740,4053,7.541868255
322,E07000226,NA,NA,Crawley,46153,3441,7.455636687
323,E07000227,NA,NA,Horsham,59157,3538,5.980695438
324,E07000228,NA,NA,Mid Sussex,61810,3572,5.779000162
325,E07000229,NA,NA,Worthing,50663,4152,8.195329925
326,E12000009,SOUTH WEST,NA,NA,2495242,264792,10.61187652
327,E06000022,NA,Bath and North East Somerset,NA,81129,8314,10.24787684
328,E06000058,NA,"Bournemouth, Christchurch and Poole",NA,183610,18889,10.28756604
329,E06000023,NA,"Bristol, City of",NA,200622,27615,13.76469181
330,E06000052,NA,Cornwall,NA,253805,29123,11.47455724
331,E06000059,NA,Dorset,NA,175109,16280,9.297066399
332,E06000053,NA,Isles of Scilly,NA,1107,130,11.74345077
333,E06000024,NA,North Somerset,NA,97431,8322,8.541429319
334,E06000026,NA,Plymouth,NA,120391,14867,12.34892974
335,E06000025,NA,South Gloucestershire,NA,118445,9439,7.969099582
336,E06000030,NA,Swindon,NA,97673,9402,9.625996949
337,E06000027,NA,Torbay,NA,65146,6869,10.54400884
338,E06000054,NA,Wiltshire,NA,214350,21058,9.824119431
339,E10000008,NA,Devon,NA,355130,38051,10.71466787
340,E07000040,NA,NA,East Devon,64942,6148,9.466908934
341,E07000041,NA,NA,Exeter,54298,6439,11.85863199
342,E07000042,NA,NA,Mid Devon,36079,4162,11.53579645
343,E07000043,NA,NA,North Devon,43963,5073,11.53924891
344,E07000044,NA,NA,South Hams,40597,3834,9.44404759
345,E07000045,NA,NA,Teignbridge,59478,5886,9.896096036
346,E07000046,NA,NA,Torridge,30763,3637,11.82264409
347,E07000047,NA,NA,West Devon,25010,2872,11.48340664
348,E10000013,NA,Gloucestershire,NA,280771,29413,10.475797
349,E07000078,NA,NA,Cheltenham,56113,6175,11.00458004
350,E07000079,NA,NA,Cotswold,40114,4058,10.11616892
351,E07000080,NA,NA,Forest of Dean,37627,4795,12.74350865
352,E07000081,NA,NA,Gloucester,55588,5795,10.42491185
353,E07000082,NA,NA,Stroud,52539,5340,10.16387826
354,E07000083,NA,NA,Tewkesbury,38790,3250,8.378448054
355,E10000027,NA,Somerset,NA,250523,27020,10.78543687
356,E07000187,NA,NA,Mendip,50896,5354,10.51949073
357,E07000188,NA,NA,Sedgemoor,53755,5815,10.81759836
358,E07000246,NA,NA,Somerset West and Taunton,69164,7406,10.70788271
359,E07000189,NA,NA,South Somerset,76708,8445,11.00928195
360,NA,NA,NA,NA,NA,NA,England
361,NA,NA,NA,NA,NA,NA,NA
362,1 The geographies are based on April 2020 geography codes. More information on geography code changes can be found at the ONS website:,NA,NA,NA,NA,NA,NA
363,https://www.ons.gov.uk/methodology/geography/ukgeographies,NA,NA,NA,NA,NA,NA
364,NA,NA,NA,NA,NA,NA,NA
365,"Estimates should only be used to look at general trends and identify areas of particularly high or low fuel poverty. See Sub-regional fuel poverty report, 2021:",NA,NA,NA,NA,NA,NA
366,https://www.gov.uk/government/statistics/sub-regional-fuel-poverty-2021,NA,NA,NA,NA,NA,NA
